country,adaptive_retry,exact_mrz,confidence,field_checks,passport_number,nationality,date_of_birth,sex,date_of_expiry
ABW,false,true,0.9999,3/3,A10000000,ABW,01 JAN 1970,M,01 JAN 2026
AFG,false,true,0.9999,3/3,AFG100001,AFG,02 FEB 1971,F,06 APR 2027
AGO,false,true,0.9999,3/3,100000002,AGO,03 MAR 1972,X,11 JUL 2028
AIA,false,true,0.9999,3/3,A10000003,AIA,04 APR 1973,M,16 OCT 2029
ALA,false,true,0.9999,3/3,ALA100004,ALA,05 MAY 1974,F,21 JAN 2030
ALB,false,true,0.9999,3/3,100000005,ALB,06 JUN 1975,X,26 APR 2031
AND,false,true,0.9999,3/3,A10000006,AND,07 JUL 1976,M,03 JUL 2032
ARE,false,true,0.9999,3/3,ARE100007,ARE,08 AUG 1977,F,08 OCT 2033
ARG,false,true,0.9999,3/3,100000008,ARG,09 SEP 1978,X,13 JAN 2034
ARM,false,true,0.9999,3/3,A10000009,ARM,10 OCT 1979,M,18 APR 2035
ASM,false,true,0.9999,3/3,ASM100010,ASM,11 NOV 1980,F,23 JUL 2026
ATA,false,true,0.9999,3/3,100000011,ATA,12 DEC 1981,X,28 OCT 2027
ATF,false,true,0.9999,3/3,A10000012,ATF,13 JAN 1982,M,05 JAN 2028
ATG,false,true,0.9999,3/3,ATG100013,ATG,14 FEB 1983,F,10 APR 2029
AUS,false,true,0.9999,3/3,100000014,AUS,15 MAR 1984,X,15 JUL 2030
AUT,false,true,0.9999,3/3,A10000015,AUT,16 APR 1985,M,20 OCT 2031
AZE,false,true,0.9999,3/3,AZE100016,AZE,17 MAY 1986,F,25 JAN 2032
BDI,false,true,0.9999,3/3,100000017,BDI,18 JUN 1987,X,02 APR 2033
BEL,false,true,0.9999,3/3,A10000018,BEL,19 JUL 1988,M,07 JUL 2034
BEN,false,true,0.9999,3/3,BEN100019,BEN,20 AUG 1989,F,12 OCT 2035
BES,false,true,0.9999,3/3,100000020,BES,21 SEP 1990,X,17 JAN 2026
BFA,false,true,0.9999,3/3,A10000021,BFA,22 OCT 1991,M,22 APR 2027
BGD,false,true,0.9999,3/3,BGD100022,BGD,23 NOV 1992,F,27 JUL 2028
BGR,false,true,0.9999,3/3,100000023,BGR,24 DEC 1993,X,04 OCT 2029
BHR,false,true,0.9999,3/3,A10000024,BHR,25 JAN 1994,M,09 JAN 2030
BHS,false,true,0.9999,3/3,BHS100025,BHS,26 FEB 1995,F,14 APR 2031
BIH,false,true,0.9999,3/3,100000026,BIH,27 MAR 1996,X,19 JUL 2032
BLM,false,true,0.9999,3/3,A10000027,BLM,28 APR 1997,M,24 OCT 2033
BLR,false,true,0.9999,3/3,BLR100028,BLR,01 MAY 1998,F,01 JAN 2034
BLZ,false,true,0.9999,3/3,100000029,BLZ,02 JUN 1999,X,06 APR 2035
BMU,false,true,0.9999,3/3,A10000030,BMU,03 JUL 1970,M,11 JUL 2026
BOL,false,true,0.9999,3/3,BOL100031,BOL,04 AUG 1971,F,16 OCT 2027
BRA,false,true,0.9999,3/3,100000032,BRA,05 SEP 1972,X,21 JAN 2028
BRB,false,true,0.9999,3/3,A10000033,BRB,06 OCT 1973,M,26 APR 2029
BRN,false,true,0.9999,3/3,BRN100034,BRN,07 NOV 1974,F,03 JUL 2030
BTN,false,true,0.9999,3/3,100000035,BTN,08 DEC 1975,X,08 OCT 2031
BVT,false,true,0.9999,3/3,A10000036,BVT,09 JAN 1976,M,13 JAN 2032
BWA,false,true,0.9999,3/3,BWA100037,BWA,10 FEB 1977,F,18 APR 2033
CAF,false,true,0.9999,3/3,100000038,CAF,11 MAR 1978,X,23 JUL 2034
CAN,false,true,0.9999,3/3,A10000039,CAN,12 APR 1979,M,28 OCT 2035
CCK,false,true,0.9999,3/3,CCK100040,CCK,13 MAY 1980,F,05 JAN 2026
CHE,false,true,0.9999,3/3,100000041,CHE,14 JUN 1981,X,10 APR 2027
CHL,false,true,0.9999,3/3,A10000042,CHL,15 JUL 1982,M,15 JUL 2028
CHN,false,true,0.9999,3/3,CHN100043,CHN,16 AUG 1983,F,20 OCT 2029
CIV,false,true,0.9999,3/3,100000044,CIV,17 SEP 1984,X,25 JAN 2030
CMR,true,true,0.9999,3/3,A10000045,CMR,18 OCT 1985,M,02 APR 2031
COD,false,true,0.9999,3/3,COD100046,COD,19 NOV 1986,F,07 JUL 2032
COG,false,true,0.9999,3/3,100000047,COG,20 DEC 1987,X,12 OCT 2033
COK,false,true,0.9999,3/3,A10000048,COK,21 JAN 1988,M,17 JAN 2034
COL,false,true,0.9999,3/3,COL100049,COL,22 FEB 1989,F,22 APR 2035
COM,false,true,0.9999,3/3,100000050,COM,23 MAR 1990,X,27 JUL 2026
CPV,false,true,0.9999,3/3,A10000051,CPV,24 APR 1991,M,04 OCT 2027
CRI,false,true,0.9999,3/3,CRI100052,CRI,25 MAY 1992,F,09 JAN 2028
CUB,false,true,0.9999,3/3,100000053,CUB,26 JUN 1993,X,14 APR 2029
CUW,false,true,0.9999,3/3,A10000054,CUW,27 JUL 1994,M,19 JUL 2030
CXR,false,true,0.9999,3/3,CXR100055,CXR,28 AUG 1995,F,24 OCT 2031
CYM,false,true,0.9999,3/3,100000056,CYM,01 SEP 1996,X,01 JAN 2032
CYP,true,true,0.9999,3/3,A10000057,CYP,02 OCT 1997,M,06 APR 2033
CZE,false,true,0.9999,3/3,CZE100058,CZE,03 NOV 1998,F,11 JUL 2034
DEU,false,true,0.9999,3/3,100000059,DEU,04 DEC 1999,X,16 OCT 2035
DJI,false,true,0.9999,3/3,A10000060,DJI,05 JAN 1970,M,21 JAN 2026
DMA,false,true,0.9999,3/3,DMA100061,DMA,06 FEB 1971,F,26 APR 2027
DNK,false,true,0.9999,3/3,100000062,DNK,07 MAR 1972,X,03 JUL 2028
DOM,false,true,0.9999,3/3,A10000063,DOM,08 APR 1973,M,08 OCT 2029
DZA,false,true,0.9999,3/3,DZA100064,DZA,09 MAY 1974,F,13 JAN 2030
ECU,false,true,0.9999,3/3,100000065,ECU,10 JUN 1975,X,18 APR 2031
EGY,false,true,0.9999,3/3,A10000066,EGY,11 JUL 1976,M,23 JUL 2032
ERI,true,true,0.9999,3/3,ERI100067,ERI,12 AUG 1977,F,28 OCT 2033
ESH,false,true,0.9999,3/3,100000068,ESH,13 SEP 1978,X,05 JAN 2034
ESP,false,true,0.9999,3/3,A10000069,ESP,14 OCT 1979,M,10 APR 2035
EST,false,true,0.9999,3/3,EST100070,EST,15 NOV 1980,F,15 JUL 2026
ETH,false,true,0.9999,3/3,100000071,ETH,16 DEC 1981,X,20 OCT 2027
FIN,false,true,0.9999,3/3,A10000072,FIN,17 JAN 1982,M,25 JAN 2028
FJI,false,true,0.9999,3/3,FJI100073,FJI,18 FEB 1983,F,02 APR 2029
FLK,false,true,0.9999,3/3,100000074,FLK,19 MAR 1984,X,07 JUL 2030
FRA,false,true,0.9999,3/3,A10000075,FRA,20 APR 1985,M,12 OCT 2031
FRO,false,true,0.9999,3/3,FRO100076,FRO,21 MAY 1986,F,17 JAN 2032
FSM,false,true,0.9999,3/3,100000077,FSM,22 JUN 1987,X,22 APR 2033
GAB,false,true,0.9999,3/3,A10000078,GAB,23 JUL 1988,M,27 JUL 2034
GBR,false,true,0.9999,3/3,GBR100079,GBR,24 AUG 1989,F,04 OCT 2035
GEO,false,true,0.9999,3/3,100000080,GEO,25 SEP 1990,X,09 JAN 2026
GGY,false,true,0.9999,3/3,A10000081,GGY,26 OCT 1991,M,14 APR 2027
GHA,false,true,0.9999,3/3,GHA100082,GHA,27 NOV 1992,F,19 JUL 2028
GIB,false,true,0.9999,3/3,100000083,GIB,28 DEC 1993,X,24 OCT 2029
GIN,false,true,0.9999,3/3,A10000084,GIN,01 JAN 1994,M,01 JAN 2030
GLP,false,true,0.9999,3/3,GLP100085,GLP,02 FEB 1995,F,06 APR 2031
GMB,false,true,0.9999,3/3,100000086,GMB,03 MAR 1996,X,11 JUL 2032
GNB,false,true,0.9999,3/3,A10000087,GNB,04 APR 1997,M,16 OCT 2033
GNQ,false,true,0.9999,3/3,GNQ100088,GNQ,05 MAY 1998,F,21 JAN 2034
GRC,false,true,0.9999,3/3,100000089,GRC,06 JUN 1999,X,26 APR 2035
GRD,false,true,0.9999,3/3,A10000090,GRD,07 JUL 1970,M,03 JUL 2026
GRL,false,true,0.9999,3/3,GRL100091,GRL,08 AUG 1971,F,08 OCT 2027
GTM,false,true,0.9999,3/3,100000092,GTM,09 SEP 1972,X,13 JAN 2028
GUF,false,true,0.9999,3/3,A10000093,GUF,10 OCT 1973,M,18 APR 2029
GUM,false,true,0.9999,3/3,GUM100094,GUM,11 NOV 1974,F,23 JUL 2030
GUY,false,true,0.9999,3/3,100000095,GUY,12 DEC 1975,X,28 OCT 2031
HKG,false,true,0.9999,3/3,A10000096,HKG,13 JAN 1976,M,05 JAN 2032
HMD,false,true,0.9999,3/3,HMD100097,HMD,14 FEB 1977,F,10 APR 2033
HND,false,true,0.9999,3/3,100000098,HND,15 MAR 1978,X,15 JUL 2034
HRV,false,true,0.9999,3/3,A10000099,HRV,16 APR 1979,M,20 OCT 2035
HTI,true,true,0.9999,3/3,HTI100100,HTI,17 MAY 1980,F,25 JAN 2026
HUN,false,true,0.9999,3/3,100000101,HUN,18 JUN 1981,X,02 APR 2027
IDN,false,true,0.9999,3/3,A10000102,IDN,19 JUL 1982,M,07 JUL 2028
IMN,false,true,0.9999,3/3,IMN100103,IMN,20 AUG 1983,F,12 OCT 2029
IND,false,true,0.9999,3/3,100000104,IND,21 SEP 1984,X,17 JAN 2030
IOT,false,true,0.9999,3/3,A10000105,IOT,22 OCT 1985,M,22 APR 2031
IRL,false,true,0.9999,3/3,IRL100106,IRL,23 NOV 1986,F,27 JUL 2032
IRN,false,true,0.9999,3/3,100000107,IRN,24 DEC 1987,X,04 OCT 2033
IRQ,false,true,0.9999,3/3,A10000108,IRQ,25 JAN 1988,M,09 JAN 2034
ISL,false,true,0.9999,3/3,ISL100109,ISL,26 FEB 1989,F,14 APR 2035
ISR,false,true,0.9999,3/3,100000110,ISR,27 MAR 1990,X,19 JUL 2026
ITA,false,true,0.9999,3/3,A10000111,ITA,28 APR 1991,M,24 OCT 2027
JAM,false,true,0.9999,3/3,JAM100112,JAM,01 MAY 1992,F,01 JAN 2028
JEY,false,true,0.9999,3/3,100000113,JEY,02 JUN 1993,X,06 APR 2029
JOR,false,true,0.9999,3/3,A10000114,JOR,03 JUL 1994,M,11 JUL 2030
JPN,true,true,0.9999,3/3,JPN100115,JPN,04 AUG 1995,F,16 OCT 2031
KAZ,false,true,0.9999,3/3,100000116,KAZ,05 SEP 1996,X,21 JAN 2032
KEN,false,true,0.9999,3/3,A10000117,KEN,06 OCT 1997,M,26 APR 2033
KGZ,false,true,0.9999,3/3,KGZ100118,KGZ,07 NOV 1998,F,03 JUL 2034
KHM,false,true,0.9999,3/3,100000119,KHM,08 DEC 1999,X,08 OCT 2035
KIR,false,true,0.9999,3/3,A10000120,KIR,09 JAN 1970,M,13 JAN 2026
KNA,false,true,0.9999,3/3,KNA100121,KNA,10 FEB 1971,F,18 APR 2027
KOR,false,true,0.9999,3/3,100000122,KOR,11 MAR 1972,X,23 JUL 2028
KWT,false,true,0.9999,3/3,A10000123,KWT,12 APR 1973,M,28 OCT 2029
LAO,false,true,0.9999,3/3,LAO100124,LAO,13 MAY 1974,F,05 JAN 2030
LBN,false,true,0.9999,3/3,100000125,LBN,14 JUN 1975,X,10 APR 2031
LBR,false,true,0.9999,3/3,A10000126,LBR,15 JUL 1976,M,15 JUL 2032
LBY,false,true,0.9999,3/3,LBY100127,LBY,16 AUG 1977,F,20 OCT 2033
LCA,false,true,0.9999,3/3,100000128,LCA,17 SEP 1978,X,25 JAN 2034
LIE,false,true,0.9999,3/3,A10000129,LIE,18 OCT 1979,M,02 APR 2035
LKA,false,true,0.9999,3/3,LKA100130,LKA,19 NOV 1980,F,07 JUL 2026
LSO,false,true,0.9999,3/3,100000131,LSO,20 DEC 1981,X,12 OCT 2027
LTU,false,true,0.9999,3/3,A10000132,LTU,21 JAN 1982,M,17 JAN 2028
LUX,true,true,0.9999,3/3,LUX100133,LUX,22 FEB 1983,F,22 APR 2029
LVA,false,true,0.9999,3/3,100000134,LVA,23 MAR 1984,X,27 JUL 2030
MAC,false,true,0.9999,3/3,A10000135,MAC,24 APR 1985,M,04 OCT 2031
MAF,false,true,0.9999,3/3,MAF100136,MAF,25 MAY 1986,F,09 JAN 2032
MAR,false,true,0.9999,3/3,100000137,MAR,26 JUN 1987,X,14 APR 2033
MCO,false,true,0.9999,3/3,A10000138,MCO,27 JUL 1988,M,19 JUL 2034
MDA,false,true,0.9999,3/3,MDA100139,MDA,28 AUG 1989,F,24 OCT 2035
MDG,false,true,0.9999,3/3,100000140,MDG,01 SEP 1990,X,01 JAN 2026
MDV,false,true,0.9999,3/3,A10000141,MDV,02 OCT 1991,M,06 APR 2027
MEX,false,true,0.9999,3/3,MEX100142,MEX,03 NOV 1992,F,11 JUL 2028
MHL,false,true,0.9999,3/3,100000143,MHL,04 DEC 1993,X,16 OCT 2029
MKD,true,true,0.9999,3/3,A10000144,MKD,05 JAN 1994,M,21 JAN 2030
MLI,false,true,0.9999,3/3,MLI100145,MLI,06 FEB 1995,F,26 APR 2031
MLT,false,true,0.9999,3/3,100000146,MLT,07 MAR 1996,X,03 JUL 2032
MMR,false,true,0.9999,3/3,A10000147,MMR,08 APR 1997,M,08 OCT 2033
MNE,false,true,0.9999,3/3,MNE100148,MNE,09 MAY 1998,F,13 JAN 2034
MNG,false,true,0.9999,3/3,100000149,MNG,10 JUN 1999,X,18 APR 2035
MNP,false,true,0.9999,3/3,A10000150,MNP,11 JUL 1970,M,23 JUL 2026
MOZ,false,true,0.9999,3/3,MOZ100151,MOZ,12 AUG 1971,F,28 OCT 2027
MRT,false,true,0.9999,3/3,100000152,MRT,13 SEP 1972,X,05 JAN 2028
MSR,false,true,0.9999,3/3,A10000153,MSR,14 OCT 1973,M,10 APR 2029
MTQ,false,true,0.9999,3/3,MTQ100154,MTQ,15 NOV 1974,F,15 JUL 2030
MUS,false,true,0.9999,3/3,100000155,MUS,16 DEC 1975,X,20 OCT 2031
MWI,false,true,0.9999,3/3,A10000156,MWI,17 JAN 1976,M,25 JAN 2032
MYS,true,true,0.9999,3/3,MYS100157,MYS,18 FEB 1977,F,02 APR 2033
MYT,false,true,0.9999,3/3,100000158,MYT,19 MAR 1978,X,07 JUL 2034
NAM,false,true,0.9999,3/3,A10000159,NAM,20 APR 1979,M,12 OCT 2035
NCL,false,true,0.9999,3/3,NCL100160,NCL,21 MAY 1980,F,17 JAN 2026
NER,false,true,0.9999,3/3,100000161,NER,22 JUN 1981,X,22 APR 2027
NFK,false,true,0.9999,3/3,A10000162,NFK,23 JUL 1982,M,27 JUL 2028
NGA,false,true,0.9999,3/3,NGA100163,NGA,24 AUG 1983,F,04 OCT 2029
NIC,false,true,0.9999,3/3,100000164,NIC,25 SEP 1984,X,09 JAN 2030
NIU,true,true,0.9999,3/3,A10000165,NIU,26 OCT 1985,M,14 APR 2031
NLD,false,true,0.9999,3/3,NLD100166,NLD,27 NOV 1986,F,19 JUL 2032
NOR,false,true,0.9999,3/3,100000167,NOR,28 DEC 1987,X,24 OCT 2033
NPL,false,true,0.9999,3/3,A10000168,NPL,01 JAN 1988,M,01 JAN 2034
NRU,false,true,0.9999,3/3,NRU100169,NRU,02 FEB 1989,F,06 APR 2035
NZL,false,true,0.9999,3/3,100000170,NZL,03 MAR 1990,X,11 JUL 2026
OMN,false,true,0.9999,3/3,A10000171,OMN,04 APR 1991,M,16 OCT 2027
PAK,false,true,0.9999,3/3,PAK100172,PAK,05 MAY 1992,F,21 JAN 2028
PAN,false,true,0.9999,3/3,100000173,PAN,06 JUN 1993,X,26 APR 2029
PCN,false,true,0.9999,3/3,A10000174,PCN,07 JUL 1994,M,03 JUL 2030
PER,false,true,0.9999,3/3,PER100175,PER,08 AUG 1995,F,08 OCT 2031
PHL,false,true,0.9999,3/3,100000176,PHL,09 SEP 1996,X,13 JAN 2032
PLW,false,true,0.9999,3/3,A10000177,PLW,10 OCT 1997,M,18 APR 2033
PNG,false,true,0.9999,3/3,PNG100178,PNG,11 NOV 1998,F,23 JUL 2034
POL,false,true,0.9999,3/3,100000179,POL,12 DEC 1999,X,28 OCT 2035
PRI,false,true,0.9999,3/3,A10000180,PRI,13 JAN 1970,M,05 JAN 2026
PRK,false,true,0.9999,3/3,PRK100181,PRK,14 FEB 1971,F,10 APR 2027
PRT,false,true,0.9999,3/3,100000182,PRT,15 MAR 1972,X,15 JUL 2028
PRY,false,true,0.9999,3/3,A10000183,PRY,16 APR 1973,M,20 OCT 2029
PSE,false,true,0.9999,3/3,PSE100184,PSE,17 MAY 1974,F,25 JAN 2030
PYF,false,true,0.9999,3/3,100000185,PYF,18 JUN 1975,X,02 APR 2031
QAT,false,true,0.9999,3/3,A10000186,QAT,19 JUL 1976,M,07 JUL 2032
REU,false,true,0.9999,3/3,REU100187,REU,20 AUG 1977,F,12 OCT 2033
ROU,true,true,0.9999,3/3,100000188,ROU,21 SEP 1978,X,17 JAN 2034
RUS,false,true,0.9999,3/3,A10000189,RUS,22 OCT 1979,M,22 APR 2035
RWA,false,true,0.9999,3/3,RWA100190,RWA,23 NOV 1980,F,27 JUL 2026
SAU,false,true,0.9999,3/3,100000191,SAU,24 DEC 1981,X,04 OCT 2027
SDN,false,true,0.9999,3/3,A10000192,SDN,25 JAN 1982,M,09 JAN 2028
SEN,false,true,0.9999,3/3,SEN100193,SEN,26 FEB 1983,F,14 APR 2029
SGP,false,true,0.9999,3/3,100000194,SGP,27 MAR 1984,X,19 JUL 2030
SGS,false,true,0.9999,3/3,A10000195,SGS,28 APR 1985,M,24 OCT 2031
SHN,false,true,0.9999,3/3,SHN100196,SHN,01 MAY 1986,F,01 JAN 2032
SJM,true,true,0.9999,3/3,100000197,SJM,02 JUN 1987,X,06 APR 2033
SLB,false,true,0.9999,3/3,A10000198,SLB,03 JUL 1988,M,11 JUL 2034
SLE,false,true,0.9999,3/3,SLE100199,SLE,04 AUG 1989,F,16 OCT 2035
SLV,false,true,0.9999,3/3,100000200,SLV,05 SEP 1990,X,21 JAN 2026
SMR,false,true,0.9999,3/3,A10000201,SMR,06 OCT 1991,M,26 APR 2027
SOM,false,true,0.9999,3/3,SOM100202,SOM,07 NOV 1992,F,03 JUL 2028
SPM,false,true,0.9999,3/3,100000203,SPM,08 DEC 1993,X,08 OCT 2029
SRB,false,true,0.9999,3/3,A10000204,SRB,09 JAN 1994,M,13 JAN 2030
SSD,false,true,0.9999,3/3,SSD100205,SSD,10 FEB 1995,F,18 APR 2031
STP,false,true,0.9999,3/3,100000206,STP,11 MAR 1996,X,23 JUL 2032
SUR,false,true,0.9999,3/3,A10000207,SUR,12 APR 1997,M,28 OCT 2033
SVK,false,true,0.9999,3/3,SVK100208,SVK,13 MAY 1998,F,05 JAN 2034
SVN,false,true,0.9999,3/3,100000209,SVN,14 JUN 1999,X,10 APR 2035
SWE,false,true,0.9999,3/3,A10000210,SWE,15 JUL 1970,M,15 JUL 2026
SWZ,false,true,0.9999,3/3,SWZ100211,SWZ,16 AUG 1971,F,20 OCT 2027
SXM,false,true,0.9999,3/3,100000212,SXM,17 SEP 1972,X,25 JAN 2028
SYC,false,true,0.9999,3/3,A10000213,SYC,18 OCT 1973,M,02 APR 2029
SYR,false,true,0.9999,3/3,SYR100214,SYR,19 NOV 1974,F,07 JUL 2030
TCA,false,true,0.9999,3/3,100000215,TCA,20 DEC 1975,X,12 OCT 2031
TCD,false,true,0.9999,3/3,A10000216,TCD,21 JAN 1976,M,17 JAN 2032
TGO,false,true,0.9999,3/3,TGO100217,TGO,22 FEB 1977,F,22 APR 2033
THA,false,true,0.9999,3/3,100000218,THA,23 MAR 1978,X,27 JUL 2034
TJK,false,true,0.9999,3/3,A10000219,TJK,24 APR 1979,M,04 OCT 2035
TKL,false,true,0.9999,3/3,TKL100220,TKL,25 MAY 1980,F,09 JAN 2026
TKM,false,true,0.9999,3/3,100000221,TKM,26 JUN 1981,X,14 APR 2027
TLS,false,true,0.9999,3/3,A10000222,TLS,27 JUL 1982,M,19 JUL 2028
TON,false,true,0.9999,3/3,TON100223,TON,28 AUG 1983,F,24 OCT 2029
TTO,false,true,0.9999,3/3,100000224,TTO,01 SEP 1984,X,01 JAN 2030
TUN,false,true,0.9999,3/3,A10000225,TUN,02 OCT 1985,M,06 APR 2031
TUR,false,true,0.9999,3/3,TUR100226,TUR,03 NOV 1986,F,11 JUL 2032
TUV,false,true,0.9999,3/3,100000227,TUV,04 DEC 1987,X,16 OCT 2033
TWN,false,true,0.9999,3/3,A10000228,TWN,05 JAN 1988,M,21 JAN 2034
TZA,false,true,0.9999,3/3,TZA100229,TZA,06 FEB 1989,F,26 APR 2035
UGA,false,true,0.9999,3/3,100000230,UGA,07 MAR 1990,X,03 JUL 2026
UKR,false,true,0.9999,3/3,A10000231,UKR,08 APR 1991,M,08 OCT 2027
UMI,false,true,0.9999,3/3,UMI100232,UMI,09 MAY 1992,F,13 JAN 2028
URY,false,true,0.9999,3/3,100000233,URY,10 JUN 1993,X,18 APR 2029
USA,false,true,0.9999,3/3,A10000234,USA,11 JUL 1994,M,23 JUL 2030
UZB,false,true,0.9999,3/3,UZB100235,UZB,12 AUG 1995,F,28 OCT 2031
VAT,false,true,0.9999,3/3,100000236,VAT,13 SEP 1996,X,05 JAN 2032
VCT,true,true,0.9999,3/3,A10000237,VCT,14 OCT 1997,M,10 APR 2033
VEN,false,true,0.9999,3/3,VEN100238,VEN,15 NOV 1998,F,15 JUL 2034
VGB,false,true,0.9999,3/3,100000239,VGB,16 DEC 1999,X,20 OCT 2035
VIR,false,true,0.9999,3/3,A10000240,VIR,17 JAN 1970,M,25 JAN 2026
VNM,false,true,0.9999,3/3,VNM100241,VNM,18 FEB 1971,F,02 APR 2027
VUT,false,true,0.9999,3/3,100000242,VUT,19 MAR 1972,X,07 JUL 2028
WLF,false,true,0.9999,3/3,A10000243,WLF,20 APR 1973,M,12 OCT 2029
WSM,false,true,0.9999,3/3,WSM100244,WSM,21 MAY 1974,F,17 JAN 2030
YEM,false,true,0.9999,3/3,100000245,YEM,22 JUN 1975,X,22 APR 2031
ZAF,false,true,0.9999,3/3,A10000246,ZAF,23 JUL 1976,M,27 JUL 2032
ZMB,false,true,0.9999,3/3,ZMB100247,ZMB,24 AUG 1977,F,04 OCT 2033
ZWE,false,true,0.9999,3/3,100000248,ZWE,25 SEP 1978,X,09 JAN 2034